Company Name;Industry;Use Case;Why Likely to Convert;Contact Type;Estimated Size;Website;Location;Pain Point
Lead Generation Agencies;Lead Generation;Lead qualification;They make 100s of calls daily - need automation;Small-Medium;10-100;https://www.leadgenagencies.co.za;Johannesburg;Manual calling is expensive and slow
Appointment Setting Services;Lead Generation;Lead qualification;Core business is outbound calls;Small-Medium;10-100;https://www.appointmentsetting.co.za;Cape Town;High call volume needed daily
Telemarketing Companies;Telemarketing;Lead qualification;Outbound calling is their main service;Small-Medium;20-200;https://www.telemarketing.co.za;Johannesburg;Need to scale calls efficiently
Sales Development Agencies;Sales;Lead qualification;SDR teams make 50-100 calls/day;Small-Medium;10-100;https://www.sdrservices.co.za;Johannesburg;Manual calling limits scale
Cold Calling Services;Cold Calling;Lead qualification;Specialized in outbound cold calls;Small-Medium;10-50;https://www.coldcallingservices.co.za;Cape Town;High volume calling needed
B2B Outreach Agencies;B2B Sales;Lead qualification;B2B outbound calling specialists;Small-Medium;10-100;https://www.b2boutreach.co.za;Johannesburg;Need to qualify leads at scale
Demand Generation Agencies;Marketing;Lead qualification;Generate leads via outbound calls;Small-Medium;10-100;https://www.demandgen.co.za;Cape Town;Call volume is core to business
Qualification Services;Lead Qualification;Lead qualification;Qualify leads via phone calls;Small-Medium;10-50;https://www.qualificationservices.co.za;Johannesburg;High call volume daily
Outbound Sales Agencies;Sales;Lead qualification;Outbound sales is their service;Small-Medium;20-100;https://www.outboundsales.co.za;Johannesburg;Need efficient calling solutions
Pipeline Development;Sales;Lead qualification;Build sales pipelines via calls;Small-Medium;10-50;https://www.pipelinedevelopment.co.za;Cape Town;Calling is primary activity
Market Research Fieldwork;Market Research;Price surveys;Call hundreds for price surveys;Small-Medium;20-100;https://www.fieldwork.co.za;Johannesburg;High volume data collection calls
Survey Companies;Market Research;Price surveys;Conduct phone surveys daily;Small-Medium;10-100;https://www.surveycompanies.co.za;Cape Town;Need to call many respondents
Data Collection Agencies;Market Research;Price surveys;Collect data via phone calls;Small-Medium;20-100;https://www.datacollection.co.za;Johannesburg;Call volume is core business
Price Survey Companies;Market Research;Price surveys;Call businesses for pricing data;Small-Medium;10-50;https://www.pricesurvey.co.za;Cape Town;Need to verify prices at scale
Competitive Intelligence;Market Research;Price surveys;Gather competitor pricing via calls;Small-Medium;10-50;https://www.competitiveintel.co.za;Johannesburg;High call volume for research
Property Verification Services;Property/Real Estate;Listing verification;Call to verify property listings;Small-Medium;10-100;https://www.propertyverify.co.za;Johannesburg;Need to verify hundreds of listings
Estate Agency Verification;Property/Real Estate;Listing verification;Verify estate listings via calls;Small-Medium;20-100;https://www.estateverify.co.za;Cape Town;Call volume needed for verification
Listing Verification Services;Property/Real Estate;Listing verification;Verify property listings at scale;Small-Medium;10-50;https://www.listingverify.co.za;Johannesburg;High volume verification calls
Property Data Collection;Property/Real Estate;Listing verification;Collect property data via calls;Small-Medium;10-50;https://www.propertydata.co.za;Cape Town;Need to call many properties
Supplier Verification Services;Procurement;Supplier verification;Call suppliers to verify details;Small-Medium;10-100;https://www.supplierverify.co.za;Johannesburg;Need to verify supplier info at scale
Vendor Verification;Procurement;Supplier verification;Verify vendor information via calls;Small-Medium;10-50;https://www.vendorverify.co.za;Cape Town;High volume vendor calls
Business Directory Updates;Data Management;Data verification;Call businesses to update directory;Small-Medium;20-100;https://www.directoryupdates.co.za;Johannesburg;Need to verify/update directory data
Database Verification Services;Data Management;Data verification;Verify database records via calls;Small-Medium;10-100;https://www.dbverify.co.za;Cape Town;Call volume needed for data verification
Contact Data Enrichment;Data Management;Data verification;Enrich contact data via calls;Small-Medium;10-50;https://www.contactenrichment.co.za;Johannesburg;Need to verify contact details
Customer Onboarding Services;Customer Success;Customer onboarding;Call new customers for onboarding;Small-Medium;20-100;https://www.customeronboarding.co.za;Cape Town;High volume onboarding calls
Welcome Call Services;Customer Success;Customer onboarding;Welcome calls for new customers;Small-Medium;10-50;https://www.welcomecalls.co.za;Johannesburg;Need to call all new signups
Account Setup Services;Customer Success;Customer onboarding;Setup calls for new accounts;Small-Medium;10-50;https://www.accountsetup.co.za;Cape Town;Call volume for account setup
Follow-up Call Services;Customer Success;Courtesy calls/feedback;Follow-up calls after service;Small-Medium;20-100;https://www.followupcalls.co.za;Johannesburg;Need to call customers post-service
Customer Feedback Services;Customer Success;Courtesy calls/feedback;Collect feedback via phone calls;Small-Medium;10-100;https://www.customerfeedback.co.za;Cape Town;High volume feedback calls
Satisfaction Survey Services;Customer Success;Courtesy calls/feedback;Call customers for satisfaction surveys;Small-Medium;20-100;https://www.satisfactionsurvey.co.za;Johannesburg;Need to call many customers
NPS Survey Companies;Customer Success;Courtesy calls/feedback;Conduct NPS surveys via calls;Small-Medium;10-50;https://www.npssurvey.co.za;Cape Town;Call volume for NPS collection
Retention Call Services;Customer Success;Courtesy calls/feedback;Calls to retain customers;Small-Medium;20-100;https://www.retentioncalls.co.za;Johannesburg;Need to call at-risk customers
Win-back Services;Customer Success;Reactivation campaigns;Call lapsed customers to win back;Small-Medium;10-100;https://www.winback.co.za;Cape Town;High volume reactivation calls
Churn Prevention Services;Customer Success;Reactivation campaigns;Call to prevent churn;Small-Medium;10-50;https://www.churnprevention.co.za;Johannesburg;Need to call customers before churn
Reactivation Agencies;Customer Success;Reactivation campaigns;Specialized in reactivating customers;Small-Medium;10-100;https://www.reactivation.co.za;Cape Town;Call volume is core service
Loyalty Program Services;Customer Success;Courtesy calls/feedback;Call loyalty program members;Small-Medium;20-100;https://www.loyaltyprograms.co.za;Johannesburg;Need to call members regularly
Membership Renewal Services;Membership;Membership renewal;Call members for renewals;Small-Medium;20-100;https://www.membershiprenewal.co.za;Cape Town;High volume renewal calls
Subscription Retention;Subscriptions;Membership renewal;Call subscribers to retain;Small-Medium;10-100;https://www.subscriptionretention.co.za;Johannesburg;Need to call before cancellation
Gym Membership Services;Fitness/Wellness;Membership renewal;Call gym members for renewals;Small-Medium;20-100;https://www.gymmembership.co.za;Cape Town;Call volume for membership management
Club Membership Services;Membership;Membership renewal;Call club members for renewals;Small-Medium;10-50;https://www.clubmembership.co.za;Johannesburg;Need to call members regularly
Event RSVP Services;Events;RSVP follow-up;Call to confirm RSVPs;Small-Medium;10-100;https://www.rsvpservices.co.za;Cape Town;High volume RSVP confirmation calls
Event Confirmation Services;Events;RSVP follow-up;Confirm event attendance via calls;Small-Medium;20-100;https://www.eventconfirmation.co.za;Johannesburg;Need to call all invitees
Wedding RSVP Services;Events;RSVP follow-up;Call wedding guests for RSVP;Small-Medium;10-50;https://www.weddingrsvp.co.za;Cape Town;Call volume for wedding RSVPs
Conference Follow-up;Events;RSVP follow-up;Call conference attendees;Small-Medium;20-100;https://www.conferencefollowup.co.za;Johannesburg;Need to confirm attendance
Seminar Confirmation Services;Events;RSVP follow-up;Confirm seminar attendance;Small-Medium;10-50;https://www.seminarconfirmation.co.za;Cape Town;Call volume for seminars
Order Confirmation Services;E-commerce;Order confirmation;Call to confirm orders;Small-Medium;20-100;https://www.orderconfirmation.co.za;Johannesburg;High volume order confirmation calls
Delivery Confirmation Services;Logistics;Order confirmation;Call to confirm deliveries;Small-Medium;20-200;https://www.deliveryconfirmation.co.za;Cape Town;Need to call for every delivery
Shipping Verification;Logistics;Order confirmation;Verify shipping details via calls;Small-Medium;10-100;https://www.shippingverify.co.za;Johannesburg;Call volume for shipping
Address Verification Services;Logistics;Order confirmation;Verify addresses via calls;Small-Medium;10-50;https://www.addressverify.co.za;Cape Town;Need to verify addresses at scale
Delivery Window Confirmation;Logistics;Order confirmation;Confirm delivery windows via calls;Small-Medium;20-100;https://www.deliverywindow.co.za;Johannesburg;High volume delivery calls
Appointment Booking Services;Appointments;Appointment reminders;Call to book appointments;Small-Medium;20-100;https://www.appointmentbooking.co.za;Cape Town;Call volume for booking
Appointment Confirmation Services;Appointments;Appointment reminders;Confirm appointments via calls;Small-Medium;20-200;https://www.appointmentconfirmation.co.za;Johannesburg;Need to confirm all appointments
Reminder Call Services;Appointments;Appointment reminders;Call to remind of appointments;Small-Medium;20-200;https://www.remindercalls.co.za;Cape Town;High volume reminder calls
No-show Prevention Services;Appointments;Appointment reminders;Call to prevent no-shows;Small-Medium;20-100;https://www.noshowprevention.co.za;Johannesburg;Call volume to reduce no-shows
Rescheduling Services;Appointments;Appointment reminders;Call to reschedule appointments;Small-Medium;10-100;https://www.rescheduling.co.za;Cape Town;Need to call for rescheduling
Medical Appointment Services;Healthcare;Appointment reminders;Call patients for appointments;Small-Medium;50-200;https://www.medicalappointments.co.za;Johannesburg;High volume patient calls
Dental Appointment Services;Healthcare;Appointment reminders;Call dental patients;Small-Medium;20-100;https://www.dentalappointments.co.za;Cape Town;Need to call patients regularly
Beauty Appointment Services;Beauty/Wellness;Appointment reminders;Call salon clients;Small-Medium;20-100;https://www.beautyappointments.co.za;Johannesburg;Call volume for salon bookings
Spa Booking Services;Beauty/Wellness;Appointment reminders;Call spa clients for bookings;Small-Medium;10-50;https://www.spabooking.co.za;Cape Town;Need to call for spa appointments
Fitness Class Booking;Fitness/Wellness;Appointment reminders;Call for class bookings;Small-Medium;20-100;https://www.fitnessbooking.co.za;Johannesburg;Call volume for class bookings
Service Verification Services;Services;Service verification;Call to verify service completion;Small-Medium;20-100;https://www.serviceverify.co.za;Cape Town;Need to verify services at scale
Quality Assurance Calls;Services;Service verification;QA calls after service delivery;Small-Medium;20-100;https://www.qacalls.co.za;Johannesburg;Call volume for QA
Post-Service Follow-up;Services;Courtesy calls/feedback;Call after service delivery;Small-Medium;20-200;https://www.postservice.co.za;Cape Town;High volume follow-up calls
Service Completion Verification;Services;Service verification;Verify service completion via calls;Small-Medium;10-100;https://www.servicecompletion.co.za;Johannesburg;Need to call after every service
Warranty Follow-up Services;Services;Courtesy calls/feedback;Call for warranty follow-ups;Small-Medium;10-50;https://www.warrantyfollowup.co.za;Cape Town;Call volume for warranties
Installation Confirmation Services;Services;Service verification;Confirm installations via calls;Small-Medium;20-100;https://www.installationconfirmation.co.za;Johannesburg;Need to confirm installations
Maintenance Reminder Services;Services;Appointment reminders;Call for maintenance reminders;Small-Medium;20-100;https://www.maintenancereminder.co.za;Cape Town;Call volume for maintenance
Inspection Confirmation Services;Services;Service verification;Confirm inspections via calls;Small-Medium;10-50;https://www.inspectionconfirmation.co.za;Johannesburg;Need to confirm inspections
Quote Follow-up Services;Sales;Lead qualification;Follow up on quotes via calls;Small-Medium;20-100;https://www.quotefollowup.co.za;Cape Town;High volume quote follow-ups
Proposal Follow-up Services;Sales;Lead qualification;Follow up proposals via calls;Small-Medium;10-100;https://www.proposalfollowup.co.za;Johannesburg;Need to follow up proposals
Estimate Confirmation Services;Sales;Lead qualification;Confirm estimates via calls;Small-Medium;10-50;https://www.estimateconfirmation.co.za;Cape Town;Call volume for estimates
Trial Follow-up Services;Sales;Lead qualification;Follow up free trials via calls;Small-Medium;20-100;https://www.trialfollowup.co.za;Johannesburg;Need to call trial users
Demo Confirmation Services;Sales;Lead qualification;Confirm demos via calls;Small-Medium;10-100;https://www.democofirmation.co.za;Cape Town;Call volume for demo confirmations
Webinar Follow-up Services;Marketing;Lead qualification;Follow up webinar attendees;Small-Medium;20-100;https://www.webinarfollowup.co.za;Johannesburg;Need to call webinar attendees
Content Download Follow-up;Marketing;Lead qualification;Follow up content downloads;Small-Medium;10-50;https://www.contentfollowup.co.za;Cape Town;Call volume for content leads
Form Submission Follow-up;Marketing;Lead qualification;Follow up form submissions;Small-Medium;20-100;https://www.formfollowup.co.za;Johannesburg;High volume form follow-ups
Trade Show Follow-up;Sales;Lead qualification;Follow up trade show leads;Small-Medium;10-100;https://www.tradeshowfollowup.co.za;Cape Town;Need to call trade show contacts
Referral Follow-up Services;Sales;Lead qualification;Follow up referrals via calls;Small-Medium;10-50;https://www.referralfollowup.co.za;Johannesburg;Call volume for referrals
Warm Lead Qualification;Sales;Lead qualification;Qualify warm leads via calls;Small-Medium;20-100;https://www.warmleadqual.co.za;Cape Town;High volume warm lead calls
Inbound Lead Qualification;Sales;Lead qualification;Qualify inbound leads via calls;Small-Medium;20-200;https://www.inboundleadqual.co.za;Johannesburg;Need to call all inbound leads
Lead Nurturing Services;Marketing;Lead qualification;Nurture leads via phone calls;Small-Medium;10-100;https://www.leadnurturing.co.za;Cape Town;Call volume for nurturing
Database Cleanup Services;Data Management;Data verification;Call to clean database records;Small-Medium;20-100;https://www.dbcleanup.co.za;Johannesburg;High volume data verification calls
Contact Validation Services;Data Management;Data verification;Validate contacts via calls;Small-Medium;10-100;https://www.contactvalidation.co.za;Cape Town;Need to validate contacts at scale
Phone Number Verification;Data Management;Data verification;Verify phone numbers via calls;Small-Medium;20-200;https://www.phonenumberverify.co.za;Johannesburg;Call volume for number verification
Email Verification Services;Data Management;Data verification;Verify emails via calls;Small-Medium;10-50;https://www.emailverify.co.za;Cape Town;Need to verify email addresses
Business Information Verification;Data Management;Data verification;Verify business info via calls;Small-Medium;20-100;https://www.businessverify.co.za;Johannesburg;Call volume for business verification
